delimeter //;

create procedure pcursor()
begin
DECLARE fn varchar(30);
declare ln varchar(30);
DECLARE cur1 CURSOR FOR SELECT fname,lname from emp_tbl where
salary>1000;
OPEN cur1;
read_loop: LOOP
FETCH cur1 INTO fn,ln;
select concat(fn,' ',ln) as name;
end loop;
CLOSE cur1;
END


output:- 
CALL pcursor();
    -> //
+-------------+
| name        |
+-------------+
| Tejas Patil |
+-------------+
1 row in set (0.00 sec)

+-----------+
| name      |
+-----------+
| Raj Pawar |
+-----------+
1 row in set (0.00 sec)

+-----------------+
| name            |
+-----------------+
| Chaitanya Kolhe |
+-----------------+
1 row in set (0.00 sec)

+-----------------+
| name            |
+-----------------+
| Siddhesh Kukade |
+-----------------+
1 row in set (0.00 sec)


Example 2: -
create procedure calgrade()
begin
declare s1,s2,s3,tot int(3);
declare id int(10);
declare per float(5,2);
declare sname varchar(10);
declare i,cnt int(3);
DECLARE stu_cur CURSOR FOR select sno,name,sub1,sub2,sub3 from student;
SET i=0;
select count(*) into cnt from student;
OPEN stu_cur;
REPEAT
FETCH stu_cur INTO id,sname,s1,s2,s3;
SET tot=(s1+s2+s3);
SET per=(tot/3);
IF per >= 60 THEN
insert into student_first values (id,sname,s1,s2,s3,tot,per);
ELSEIF per<60 and per>=50 THEN
insert into student_pass values (id,sname,s1,s2,s3,tot,per);
ELSE
insert into student_fail values (id,sname,s1,s2,s3,tot,per);
END IF;
update student set total=tot,percentage=per where sno=id;
SET i=i+1;
UNTIL i>cnt END REPEAT;
CLOSE stu_cur;
end //

call calgrade()//

Query OK, 1 row affected (2.16 sec)

select * from student_first;
    -> //
+------+-------+------+------+------+-------+------------+
| sno  | name  | sub1 | sub2 | sub3 | total | percentage |
+------+-------+------+------+------+-------+------------+
|    1 | AMIT  |   55 |   66 |   77 |   198 |      66.00 |
|    2 | AJIT  |   66 |   44 |   77 |   187 |      62.33 |
|    3 | SUJIT |   50 |   60 |   70 |   180 |      60.00 |
|    4 | JIT   |   56 |   74 |   70 |   200 |      66.67 |
|    6 | KAPIL |   65 |   45 |   75 |   185 |      61.67 |
+------+-------+------+------+------+-------+------------+
5 rows in set (0.00 sec)

 select * from student_pass;
    -> //
+------+--------+------+------+------+-------+------------+
| sno  | name   | sub1 | sub2 | sub3 | total | percentage |
+------+--------+------+------+------+-------+------------+
|    7 | RAJ    |   52 |   60 |   50 |   162 |      54.00 |
|    9 | RAMESH |   50 |   50 |   50 |   150 |      50.00 |
|   10 | SUNIL  |   60 |   40 |   70 |   170 |      56.67 |
+------+--------+------+------+------+-------+------------+
3 rows in set (0.00 sec)


select * from student_fail;
    -> //
+------+--------+------+------+------+-------+------------+
| sno  | name   | sub1 | sub2 | sub3 | total | percentage |
+------+--------+------+------+------+-------+------------+
|    5 | RAHUL  |   50 |   50 |   48 |   148 |      49.33 |
|    8 | SUSHIL |   40 |   30 |   35 |   105 |      35.00 |
+------+--------+------+------+------+-------+------------+
2 rows in set (0.00 sec)


